{"polynomial4": {"param_0": {"max_value": 1.868941005760344e-22, "min_value": -7.425055105648719e-22, "mean_plus_SD4": 3.747853724349569e-22, "mean_minus_SD4": -3.828762891341276e-22, "SD": 9.470770769613556e-23}, "param_1": {"max_value": 2.607519134983707e-16, "min_value": -2.0415709843311675e-16, "mean_plus_SD4": 1.4617972308879044e-16, "mean_minus_SD4": -1.4570721624817064e-16, "SD": 3.6485867417120135e-17}, "param_2": {"max_value": 6.987971208060672e-11, "min_value": -4.422313611637701e-11, "mean_plus_SD4": 3.1661376063917936e-11, "mean_minus_SD4": -3.039510578737031e-11, "SD": 7.75706023141103e-12}, "param_3": {"max_value": 3.946571214956729e-06, "min_value": -1.2406443467980289e-05, "mean_plus_SD4": 4.649830768017854e-06, "mean_minus_SD4": -5.454957437656305e-06, "SD": 1.2630985257092699e-06}, "param_4": {"max_value": 2.604564455746228, "min_value": 0.14043364498615096, "mean_plus_SD4": 2.9785817403495503, "mean_minus_SD4": -1.1865386575521284, "SD": 0.5206400497377098}}, "exp_linear": {"param_0": {"max_value": 10.164813878942464, "min_value": 2.5390788147071645e-12, "mean_plus_SD4": 5.726538364470601, "mean_minus_SD4": -5.327020834445893, "SD": 1.3816948998645617}, "param_1": {"max_value": 3281378.151731844, "min_value": 0.0005128333097483839, "mean_plus_SD4": 1506267.782100267, "mean_minus_SD4": -1260107.826012269, "SD": 345796.951014067}, "param_2": {"max_value": 3.4702737188978314e-06, "min_value": -2.8238386113666475e-06, "mean_plus_SD4": 1.9995895749488467e-06, "mean_minus_SD4": -2.188619579515754e-06, "SD": 5.235261443080751e-07}, "param_3": {"max_value": 2.5203282313109905, "min_value": -9.782628359208058, "mean_plus_SD4": 6.597894472273285, "mean_minus_SD4": -5.130225572114285, "SD": 1.4660150055484462}}}